﻿Name,Tags,Description,Link
Linkedin Learning,,,https://www.linkedin.com/learning/me?u=36299332
Coding Tests & Assessments for Interviews | CodeSignal,,Learn how you can go beyond resumes in technical hiring with scalable screening for programming skills. CodeSignal is a state-of-the-art platform for coding tests and assessments for interviews.,http://codesignal.com
"Online Courses - Learn Anything, On Your Schedule | Udemy",,"Udemy is an online learning and teaching marketplace with over 155,000 courses and 40 million students. Learn programming, marketing, data science and more.",https://www.udemy.com/
Find the best online Programming courses and Tutorials - Hackr.io,,"Google search shows you hundreds of Programming courses/tutorials, but Hackr.io tells you which is the best one. Find the best online courses &amp; tutorials recommended by the Programming community. Pick the most upvoted tutorials as per your learning style: video-based, book, free, paid, for beginners, advanced, etc.",https://hackr.io/
"YouTube ",,,
Z-lib,,,